grupo,celda,tipo,texto_jp,ancho_px,traduccion_esp,traduccion_eng,nota
A,0,PANEL,,160,,,
A,1,SEP,,160,,,
A,2,VACIA,,16,,,
A,3,END,---END---,112,---END---,---END---,no se traduce
A,4,FECHA,2008/9/10,120,2008/9/10,2008/9/10,no se traduce
A,5,DE,ナナシ,64,NANASHI,NANASHI,
A,6,ASUNTO,,16,,,
A,7,CUERPO,６ニン　ニ,72,PASALO A,SEND THIS,
A,8,CUERPO,マワシテ　クダサイ,120,6 PERSONAS,TO 6 PEOPLE,
A,9,CUERPO,ウシミツドキ,80,HORA DEL BUEY,WITCHING HOUR,"guion: ""hora del buey""/""witching hour"""
A,10,CUERPO,キュウコウシャ　ノ,120,EDIFICIO VIEJO,OLD BUILDING,
A,11,CUERPO,オンガクシツ　デ,112,SALA DE MUSICA,MUSIC ROOM,
A,12,CUERPO,コックリサン　スルト,128,HAZ KOKKURI-SAN,DO KOKKURI-SAN,
A,13,CUERPO,セイカク　ナ,80,Y SABRAS TU,AND SEE,
A,14,CUERPO,ミライ　ガ　ワカル,120,FUTURO EXACTO,THE TRUE FUTURE,
A,15,CUERPO,バショ　ハ　オンガクシツ,160,LUGAR: SALA MUSICA,PLACE: MUSIC ROOM,
A,16,NUM,７,16,７,７,no se traduce
A,17,FECHA,2008/9/11,112,2008/9/11,2008/9/11,no se traduce
A,18,LETRA,オ,16,T,L,オソカッタ (llegaste tarde) -> TARDE / LATE!
A,19,LETRA,ソ,16,A,A,
A,20,LETRA,カ,16,R,T,
A,21,LETRA,ッ,16,D,E,
A,22,LETRA,タ,16,E,!,
B,0,PANEL,,160,,,
B,1,SEP,,160,,,
B,2,VACIA,,16,,,
B,3,END,---END---,112,---END---,---END---,no se traduce
B,4,FECHA,2008/9/10,120,2008/9/10,2008/9/10,no se traduce
B,5,DE,ナナシ,56,NANASHI,NANASHI,
B,6,ASUNTO,,16,,,
B,7,CUERPO,６ニン　ニ,72,PASALO A,SEND THIS,
B,8,CUERPO,マワシテ　クダサイ,120,6 PERSONAS,TO 6 PEOPLE,
B,9,CUERPO,ウシミツドキ,80,HORA DEL BUEY,WITCHING HOUR,"guion: ""hora del buey""/""witching hour"""
B,10,CUERPO,キュウコウシャ　ノ,128,EDIFICIO VIEJO,OLD BUILDING,
B,11,CUERPO,オンガクシツ　デ,112,SALA DE MUSICA,MUSIC ROOM,
B,12,CUERPO,コックリサン　スルト,128,HAZ KOKKURI-SAN,DO KOKKURI-SAN,
B,13,CUERPO,セイカク　ナ,80,Y SABRAS TU,AND SEE,
B,14,CUERPO,ミライ　ガ　ワカル,120,FUTURO EXACTO,THE TRUE FUTURE,
B,15,CUERPO,バショ　ハ　オンガクシツ,160,LUGAR: SALA MUSICA,PLACE: MUSIC ROOM,
B,16,NUM,７,16,７,７,no se traduce
C,0,PANEL,,160,,,
C,1,SEP,,160,,,
C,2,VACIA,,16,,,
C,3,END,---END---,112,---END---,---END---,no se traduce
C,4,FECHA,2008/9/11,120,2008/9/11,2008/9/11,no se traduce
C,5,DE,カナ,48,KANA,KANA,
C,6,ASUNTO,Fw:,48,Fw:,Fw:,no se traduce
C,7,CUERPO,６ニン　ニ,72,PASALO A,SEND THIS,
C,8,CUERPO,マワシテ　クダサイ,120,6 PERSONAS,TO 6 PEOPLE,
C,9,CUERPO,ウシミツドキ,80,HORA DEL BUEY,WITCHING HOUR,"guion: ""hora del buey""/""witching hour"""
C,10,CUERPO,キュウコウシャ　ノ,120,EDIFICIO VIEJO,OLD BUILDING,
C,11,CUERPO,オンガクシツ　デ,112,SALA DE MUSICA,MUSIC ROOM,
C,12,CUERPO,コックリサン　スルト,128,HAZ KOKKURI-SAN,DO KOKKURI-SAN,
C,13,CUERPO,セイカク　ナ,80,Y SABRAS TU,AND SEE,
C,14,CUERPO,ミライ　ガ　ワカル,120,FUTURO EXACTO,THE TRUE FUTURE,
C,15,CUERPO,バショ　ハ　オンガクシツ,160,LUGAR: SALA MUSICA,PLACE: MUSIC ROOM,
C,16,NUM,７,16,７,７,no se traduce
D,0,PANEL,,160,,,
D,1,SEP,,160,,,
D,2,VACIA,,16,,,
D,3,END,---END---,112,---END---,---END---,no se traduce
D,4,FECHA,2008/9/17,120,2008/9/17,2008/9/17,no se traduce
D,5,DE,ナナシ,56,NANASHI,NANASHI,
D,6,ASUNTO,,16,,,
D,7,CUERPO,６ニン　ニ,72,PASALO A,SEND THIS,
D,8,CUERPO,マワシテ　クダサイ,120,6 PERSONAS,TO 6 PEOPLE,
D,9,CUERPO,エドガワセン　ハ,112,LINEA EDOGAWA,EDOGAWA LINE,
D,10,CUERPO,ヤミ　ニ　ツナガル,120,LLEVA A LA OSCURIDAD,CONNECTS TO DARKNESS,guion fila 2510
D,11,NUM,２４,32,２４,２４,no se traduce
E,0,PANEL,,160,,,
E,1,SEP,,160,,,
E,2,VACIA,,16,,,
E,3,END,---END---,112,---END---,---END---,no se traduce
E,4,FECHA,2008/9/08,120,2008/9/08,2008/9/08,no se traduce
E,5,DE,ナナシ,56,NANASHI,NANASHI,
E,6,ASUNTO,,16,,,
E,7,CUERPO,６ニン　ニ,72,PASALO A,SEND THIS,
E,8,CUERPO,マワシテ　クダサイ,120,6 PERSONAS,TO 6 PEOPLE,
E,9,CUERPO,オクジョウ　デ,96,EN LA AZOTEA,ON THE ROOF,
E,10,CUERPO,コックリサン　スルト,136,HAZ KOKKURI-SAN,DO KOKKURI-SAN,
E,11,CUERPO,アクリョウ　ニ,96,LOS MALOS ESPIRITUS,EVIL SPIRITS WILL,
E,12,CUERPO,ツカレニクイ,80,NO TE POSEERAN,NOT POSSESS YOU,"orig: ""dificil ser poseido"""
E,13,NUM,５,16,５,５,no se traduce
E,14,FECHA,2008/9/18,120,2008/9/18,2008/9/18,no se traduce
E,15,DE,ミズキ,56,MIZUKI,MIZUKI,
E,16,CUERPO,べっど　の,72,bajo la,a man,hiragana -> minusculas
E,17,CUERPO,した　に,56,cama se,hides,
E,18,CUERPO,おとこ　が,72,esconde,under,
E,19,CUERPO,かくれてる,72,un hombre,the bed,
E,20,FECHA,2008/9/25,120,2008/9/25,2008/9/25,no se traduce
E,21,DE,ナナシ,56,NANASHI,NANASHI,
E,22,CUERPO,スキナ　ヒト　ノ,112,ALGO DE QUIEN,SINK SOMETHING,
E,23,CUERPO,モチモノ　ミズ　ニ,128,TE GUSTA AL AGUA,OF YOUR CRUSH,
E,24,CUERPO,シズメテ　スイメン　ヲ,144,GIRA LA SUPERFICIE,IN WATER. STIR IT,
E,25,CUERPO,ミギ　ニ　２,80,DERECHA 2,RIGHT 2,
E,26,CUERPO,ヒダリ　ニ　３,96,IZQUIERDA 3,LEFT 3,
E,27,CUERPO,マワス　ト　ソノヒト　ノ,160,Y VERAS FLOTAR,AND THEIR CRUSH,
E,28,CUERPO,スキナ　イセイ　ガ,118,A QUIEN LE GUSTA,WILL FLOAT,
E,29,CUERPO,ウカブ,40,A EL,UP,"ES: guion 2714 ""quien le gusta a el"""
E,30,NUM,９７,32,９７,９７,no se traduce
F,0,PANEL,,160,,,
F,1,SEP,,160,,,
F,2,VACIA,,16,,,
F,3,END,---END---,112,---END---,---END---,no se traduce
F,4,FECHA,2008/9/26,120,2008/9/26,2008/9/26,no se traduce
F,5,DE,ナナシ,56,NANASHI,NANASHI,
F,6,ASUNTO,,16,,,
F,7,CUERPO,６ニン　ニ,72,PASALO A,SEND THIS,
F,8,CUERPO,マワシテ　クダサイ,120,6 PERSONAS,TO 6 PEOPLE,
F,9,CUERPO,ヨル　ノ　プール　デ,136,PISCINA DE NOCHE,POOL AT NIGHT,
F,10,CUERPO,ニラメッコ　スルト,120,JUEGA NIRAMEKO,PLAY NIRAMEKO,"guion 2693 usa ""nirameko"""
F,11,CUERPO,レイ　ニ,56,UN ESPIRITU,AND A SPIRIT,
F,12,CUERPO,ヒキ　コマレル,96,TE ARRASTRA,DRAGS YOU IN,
F,13,NUM,９８,32,９８,９８,no se traduce
F,14,CUERPO,シンヤ　ノ,72,MEDIANOCHE,MIDNIGHT,
F,15,CUERPO,トショシツ　デ,96,EN LA BIBLIOTECA,IN THE LIBRARY,
F,16,CUERPO,ソツギョウ　アルバム　ヲ,160,ABRE EL ALBUM DE,OPEN GRADUATION,
F,17,CUERPO,ヒラクト　ジバクレイ　ガ,160,GRADUACION: SURGE UN,ALBUM: EARTHBOUND,
F,18,CUERPO,アラワレル,72,ESPIRITU ATADO,SPIRIT APPEARS,"guion 6161 ""espiritu atado a la tierra"""
F,19,NUM,７２,32,７２,７２,no se traduce
F,20,CUERPO,トイレ　ニ,72,EL MUÑECO,A DOLL,
F,21,CUERPO,ステラレタ,64,TIRADO AL BAÑO,THROWN IN,
F,22,CUERPO,ニンギョウ　ハ,96,ALBERGA,THE TOILET,
F,23,CUERPO,タマシイ　ヤドル,104,UN ALMA,HOLDS A SOUL,guion 6300
F,24,NUM,９９,32,９９,９９,no se traduce
F,25,FECHA,2008/9/21,120,2008/9/21,2008/9/21,no se traduce
F,26,FECHA,2008/9/25,120,2008/9/25,2008/9/25,no se traduce
H,0,PANEL,,160,,,
H,1,SEP,,160,,,
H,2,VACIA,,16,,,
H,3,END,---END---,112,---END---,---END---,no se traduce
H,4,FECHA,2008/9/26,120,2008/9/26,2008/9/26,no se traduce
H,5,DE,ナナシ,56,NANASHI,NANASHI,
H,6,ASUNTO,,16,,,
H,7,CUERPO,６ニン　ニ,72,PASALO A,SEND THIS,
H,8,CUERPO,マワシテ　クダサイ,120,6 PERSONAS,TO 6 PEOPLE,
H,9,CUERPO,スキナ　ヒト　ノ,104,ALGO DE QUIEN,SINK SOMETHING,
H,10,CUERPO,モチモノ　ミズ　ニ,120,TE GUSTA AL AGUA,OF YOUR CRUSH,
H,11,CUERPO,シズメテ　スイメン　ヲ,144,GIRA LA SUPERFICIE,IN WATER. STIR IT,
H,12,CUERPO,ミギ　ニ　２,80,DERECHA 2,RIGHT 2,
H,13,CUERPO,ヒダリ　ニ　３,88,IZQUIERDA 3,LEFT 3,
H,14,CUERPO,マワス　ト　ソノヒト　ノ,160,Y VERAS FLOTAR,AND THEIR CRUSH,
H,15,CUERPO,スキナ　イセイ　ガ,118,A QUIEN LE GUSTA,WILL FLOAT,
H,16,CUERPO,ウカブ,40,A EL,UP,"ES: guion 2714 ""quien le gusta a el"""
H,17,NUM,９７,32,９７,９７,no se traduce
H,18,CUERPO,マンゲツ　ノ　ヨル,120,EN LUNA LLENA,FULL MOON NIGHT,
H,19,CUERPO,ロウカ　ノ　ポスター,128,POSTER DEL PASILLO,HALLWAY POSTER,
H,20,CUERPO,メ　ガ　ヒカル,96,OJOS BRILLAN,EYES GLOW,guion 6107
H,21,NUM,８８,32,８８,８８,no se traduce
H,22,CUERPO,カテイカ,56,AULA DE,HOME EC,
H,23,CUERPO,ジュンビシツ　ニ,104,ECO. DOMESTICA,PREP ROOM,家庭科準備室
H,24,CUERPO,クビツリ　ノ,80,FANTASMA DE,A HANGED,
H,25,CUERPO,レイ　ガ　デル,96,UN AHORCADO,GHOST APPEARS,
H,26,NUM,６７,32,６７,６７,no se traduce
H,27,CUERPO,9・26　ヨアケ,96,9・26 AL ALBA,9・26 DAWN,reusar glifos 9・26 del original
H,28,CUERPO,トウキョウ　デ,96,EN TOKIO,IN TOKYO,
H,29,CUERPO,ダイジシン　ガ　オキル,144,GRAN TERREMOTO,BIG EARTHQUAKE,guion 2717
H,30,NUM,１００,32,１００,１００,no se traduce
H,31,CUERPO,ツギハオマエダツギハオマ,160,LAPROXIMAERESTULAPRO,YOUARENEXTYOUARENEXT,ツギハオマエダ repetido
H,32,CUERPO,エダツギハオマエダツギハ,160,XIMAERESTULAPROXIMAE,YOUARENEXTYOUARENEXT,ツギハオマエダ repetido
H,33,CUERPO,オマエダツギハオマエダツ,160,RESTULAPROXIMAERESTU,YOUARENEXTYOUARENEXT,ツギハオマエダ repetido
H,34,CUERPO,ギハオマエダツギハオマエ,160,LAPROXIMAERESTULAPRO,YOUARENEXTYOUARENEXT,ツギハオマエダ repetido
H,35,CUERPO,ダツギハオマエダツギハオ,160,XIMAERESTULAPROXIMAE,YOUARENEXTYOUARENEXT,ツギハオマエダ repetido
H,36,CUERPO,マエダツギハオマエダツギ,160,RESTULAPROXIMAERESTU,YOUARENEXTYOUARENEXT,ツギハオマエダ repetido
H,37,CUERPO,ハオマエダツギハオマエダ,160,LAPROXIMAERESTULAPRO,YOUARENEXTYOUARENEXT,ツギハオマエダ repetido
H,38,CUERPO,ナナシ　ハ,64,NANASHI NO,NANASHI IS,
H,39,CUERPO,コノヨ　ニ　イマセン,136,ES DE ESTE MUNDO,NOT OF THIS WORLD,
H,40,CUERPO,ナナシ　カラノ,96,SUS CORREOS,NANASHI MAIL,
H,41,CUERPO,メール　ハ　リアル,120,SON REALES,IS REAL,
H,42,CUERPO,ムシ　スルト,80,SI LOS IGNORAS,IGNORE IT AND,
H,43,CUERPO,ナナシ　ガ　アラワレ,128,NANASHI APARECE,NANASHI APPEARS,guion 274
H,44,CUERPO,ヤミ　ニ　オチル,104,CAES EN LA OSCURIDAD,YOU FALL TO DARKNESS,guion 274
H,45,NUM,１,16,１,１,no se traduce
H,46,FECHA,2008/9/24,120,2008/9/24,2008/9/24,no se traduce
H,47,FECHA,2008/9/21,120,2008/9/21,2008/9/21,no se traduce
H,48,FECHA,2008/9/25,120,2008/9/25,2008/9/25,no se traduce
I,0,PANEL,,160,,,
I,1,SEP,,160,,,
I,2,VACIA,,16,,,
I,3,END,---END---,112,---END---,---END---,no se traduce
I,4,FECHA,2008/9/03,120,2008/9/03,2008/9/03,no se traduce
I,5,DE,ナナシ,56,NANASHI,NANASHI,
I,6,ASUNTO,,16,,,
I,7,CUERPO,６ニン　ニ,72,PASALO A,SEND THIS,
I,8,CUERPO,マワシテ　クダサイ,120,6 PERSONAS,TO 6 PEOPLE,
I,9,CUERPO,ウシミツドキ,80,HORA DEL BUEY,WITCHING HOUR,"guion: ""hora del buey""/""witching hour"""
I,10,CUERPO,キュウコウシャ　ノ,120,EDIFICIO VIEJO,OLD BUILDING,
I,11,CUERPO,オンガクシツ　デ,112,SALA DE MUSICA,MUSIC ROOM,
I,12,CUERPO,コックリサン　スルト,136,HAZ KOKKURI-SAN,DO KOKKURI-SAN,
I,13,GLITCH,#A　。　$,80,#A　。　$,#A　。　$,no se traduce
I,14,GLITCH,、x　#　D　!,120,、x　#　D　!,、x　#　D　!,no se traduce
I,15,GLITCH,。!、　B　F?・　#,160,。!、　B　F?・　#,。!、　B　F?・　#,no se traduce
I,16,NUM,７,16,７,７,no se traduce
I,17,LETRA,カ,16,KA,KA,animacion カミカクシ
I,18,LETRA,ミ,16,MI,MI,animacion カミカクシ
I,19,LETRA,ク,16,KU,KU,animacion カミカクシ
I,20,LETRA,シ,16,SHI,SHI,animacion カミカクシ
I,21,CUERPO,ナナシ　ハ,64,NANASHI NO,NANASHI IS,
I,22,CUERPO,コノヨ　ニ　イマセン,136,ES DE ESTE MUNDO,NOT OF THIS WORLD,
I,23,CUERPO,ナナシ　カラノ,96,SUS CORREOS,NANASHI MAIL,
I,24,CUERPO,メール　ハ　リアル,120,SON REALES,IS REAL,
I,25,CUERPO,ムシ　スルト,80,SI LOS IGNORAS,IGNORE IT AND,
I,26,CUERPO,ナナシ　ガ　アラワレ,136,NANASHI APARECE,NANASHI APPEARS,guion 274
I,27,CUERPO,ヤミ　ニ　オチル,104,CAES EN LA OSCURIDAD,YOU FALL TO DARKNESS,guion 274
I,28,NUM,１,16,１,１,no se traduce
I,29,CUERPO,キュウコウシャ　ハ,120,EL EDIFICIO VIEJO,THE OLD BUILDING,guion 2128
I,30,CUERPO,センソウ　ノ,80,FUE MORGUE,WAS A,
I,31,CUERPO,シタイ　オキバ　ダッタ,144,DE GUERRA,WARTIME MORGUE,
I,32,CUERPO,ジョウブツ　サレナイ,136,ESPIRITUS SIN PAZ,RESTLESS SPIRITS,
I,33,CUERPO,レイ　ニ　オソワレテ,136,TE ATACARAN Y,WILL ATTACK YOU,
I,34,CUERPO,カミカクシ　ニ　アウ,136,DESAPARECERAS,AND YOU VANISH,"kamikakushi, ver glosario"
I,35,NUM,３,16,３,３,no se traduce
I,36,CUERPO,オクジョウ　デ　マツ,136,ESPERO EN AZOTEA,I WAIT ON THE ROOF,guion 258
I,37,CUERPO,モンダイ,56,PROBLEMA,PROBLEM,"guion 302 ""problema"""
I,38,CUERPO,A　アワセ　カガミ　デ,152,A ESPEJO DOBLE Y,A DOUBLE MIRROR,
I,39,CUERPO,　カゴメカゴメ,112,  KAGOME KAGOME,  KAGOME KAGOME,guion 287
I,40,CUERPO,B　キツネ　ノ,96,B BODAS DEL,B THE FOX,"guion: ""la B es el zorro""; glosario: bodas del zorro"
I,41,CUERPO,　ヨメイリ　デ,128,  ZORRO,  WEDDING,
I,42,LETRA,カ(1),16,KA,KA,animacion カミカクシ (frame 1)
I,43,LETRA,カ(2),16,KA,KA,animacion カミカクシ (frame 2)
I,44,LETRA,カ(3),16,KA,KA,animacion カミカクシ (frame 3)
I,45,LETRA,カ(4),16,KA,KA,animacion カミカクシ (frame 4)
I,46,LETRA,ミ(1),16,MI,MI,animacion カミカクシ (frame 1)
I,47,LETRA,ミ(2),16,MI,MI,animacion カミカクシ (frame 2)
I,48,LETRA,ミ(3),16,MI,MI,animacion カミカクシ (frame 3)
I,49,LETRA,ミ(4),16,MI,MI,animacion カミカクシ (frame 4)
I,50,LETRA,ク(1),16,KU,KU,animacion カミカクシ (frame 1)
I,51,LETRA,ク(2),16,KU,KU,animacion カミカクシ (frame 2)
I,52,LETRA,ク(3),16,KU,KU,animacion カミカクシ (frame 3)
I,53,LETRA,ク(4),16,KU,KU,animacion カミカクシ (frame 4)
I,54,LETRA,シ(1),16,SHI,SHI,animacion カミカクシ (frame 1)
I,55,LETRA,シ(2),16,SHI,SHI,animacion カミカクシ (frame 2)
I,56,LETRA,シ(3),16,SHI,SHI,animacion カミカクシ (frame 3)
I,57,LETRA,シ(4),16,SHI,SHI,animacion カミカクシ (frame 4)
I,58,FECHA,2008/9/11,120,2008/9/11,2008/9/11,no se traduce
I,59,DE,カナ,48,KANA,KANA,
I,60,ASUNTO,Fw:,48,Fw:,Fw:,no se traduce
I,61,FECHA,2008/9/04,120,2008/9/04,2008/9/04,no se traduce
I,62,FECHA,2008/9/12,120,2008/9/12,2008/9/12,no se traduce
I,63,CUERPO,トオリャンセ,88,TORYANSE,TORYANSE,guion 998
J,0,PANEL,,160,,,
J,1,SEP,,160,,,
J,2,VACIA,,16,,,
J,3,END,---END---,112,---END---,---END---,no se traduce
J,4,FECHA,2008/9/17,120,2008/9/17,2008/9/17,no se traduce
J,5,DE,ナナシ,56,NANASHI,NANASHI,
J,6,ASUNTO,,16,,,
J,7,CUERPO,モンダイ,56,PROBLEMA,PROBLEM,"guion 302 ""problema"""
J,8,CUERPO,A　ガクブチ　ノ,112,A AMULETO TRAS,A CHARM BEHIND,
J,9,CUERPO,　ウラ　ノ　オフダ,136,  EL CUADRO,  THE FRAME,
J,10,CUERPO,B　コインロッカーベビー,160,B EL BEBE DEL,B THE LOCKER BABY,
J,11,CUERPO,　ノ　オヤ　ハ　オマエ,160,  CASILLERO ES TUYO,  YOU ARE ITS PARENT,"orig: ""el padre es tu"""
K,0,PANEL,,160,,,
K,1,SEP,,160,,,
K,2,VACIA,,16,,,
K,3,END,---END---,112,---END---,---END---,no se traduce
K,4,FECHA,2008/9/18,120,2008/9/18,2008/9/18,no se traduce
K,5,DE,ナナシ,56,NANASHI,NANASHI,
K,6,ASUNTO,,16,,,
K,7,CUERPO,６ニン　ニ,72,PASALO A,SEND THIS,
K,8,CUERPO,マワシテ　クダサイ,120,6 PERSONAS,TO 6 PEOPLE,
K,9,CUERPO,ヒトリカクレンボ　デ,136,EN HITORI KAKURENBO,IN HITORI KAKURENBO,
K,10,CUERPO,オニ　ヲ　ミルト,104,SI VES AL ONI,IF YOU SEE THE ONI,
K,11,CUERPO,ノロワレル,72,SERAS MALDITO,YOU WILL BE CURSED,
K,12,NUM,４３,32,４３,４３,no se traduce
K,13,CUERPO,トシデンセツ“ベッド　ノ,160,"LEYENDA ""EL HOMBRE","URBAN LEGEND ""THE",guion 2616
K,14,CUERPO,シタ　ノ　オトコ”　ハ,144,"BAJO LA CAMA""","MAN UNDER THE BED""",
K,15,CUERPO,ハイツ　キリヅカ　デ,136,NACIO DE UN CRIMEN,WAS BORN FROM A,orden reacomodado entre 3 lineas
K,16,CUERPO,オキタ　サツジン　ジケン,160,EN HEIGHTS,MURDER AT HEIGHTS,
K,17,CUERPO,カラ　ウマレタ,96,KIRIZUKA,KIRIZUKA,
K,18,NUM,４４,32,４４,４４,no se traduce
K,19,CUERPO,モンダイ,56,PROBLEMA,PROBLEM,"guion 302 ""problema"""
K,20,CUERPO,ヘヤ　デ,56,EN EL CUARTO,IN THE ROOM,
K,21,CUERPO,A　コックリサン,104,A KOKKURI-SAN,A KOKKURI-SAN,
K,22,CUERPO,B　ヒトリカクレンボ,136,B HITORI KAKURENBO,B HITORI KAKURENBO,
L,0,PANEL,,160,,,
L,1,SEP,,160,,,
L,2,VACIA,,16,,,
L,3,END,---END---,112,---END---,---END---,no se traduce
L,4,FECHA,2008/9/22,120,2008/9/22,2008/9/22,no se traduce
L,5,DE,ナナシ,56,NANASHI,NANASHI,
L,6,ASUNTO,,16,,,
L,7,CUERPO,６ニン　ニ,72,PASALO A,SEND THIS,
L,8,CUERPO,マワシテ　クダサイ,120,6 PERSONAS,TO 6 PEOPLE,
L,9,CUERPO,ドリームパーク　ハ,120,EN DREAM PARK,AT DREAM PARK,
L,10,CUERPO,イマ　モ　レイ　ガ,120,AUN SE REUNEN,SPIRITS STILL,
L,11,CUERPO,アツマル,56,ESPIRITUS,GATHER,
L,12,NUM,８１,32,８１,８１,no se traduce
L,13,CUERPO,モンダイ,56,PROBLEMA,PROBLEM,"guion 302 ""problema"""
L,14,CUERPO,A　カベ　ノ　ナカ　ニ,144,A EN EL MURO,A INSIDE THE WALL,
L,15,CUERPO,　アカイクレヨン　ノ,144,  LETRAS DE CRAYON,  WORDS IN RED,
L,16,CUERPO,　モジ,56,  ROJO,  CRAYON,guion 4874
L,17,CUERPO,B　デンキ　ヲ,96,B MENOS MAL QUE,B LUCKY YOU,
L,18,CUERPO,　ツケナクテ,96,  NO PRENDISTE,  LEFT THE,
L,19,CUERPO,　ヨカッタナ,96,  LA LUZ,  LIGHTS OFF,"leyenda ""no te alegras de no haber prendido la luz"""
M,0,PANEL,,160,,,
M,1,SEP,,160,,,
M,2,VACIA,,16,,,
M,3,END,---END---,112,---END---,---END---,no se traduce
M,4,FECHA,2008/9/26,120,2008/9/26,2008/9/26,no se traduce
M,5,DE,ナナシ,56,NANASHI,NANASHI,
M,6,ASUNTO,,16,,,
M,7,CUERPO,６ニン　ニ,72,PASALO A,SEND THIS,
M,8,CUERPO,マワシテ　クダサイ,120,6 PERSONAS,TO 6 PEOPLE,
M,9,CUERPO,ノロワレタ　オンナ,120,MUJER MALDITA:,CURSED WOMAN:,
M,10,CUERPO,ハヤカワ　ミズキ,104,HAYAKAWA MIZUKI,HAYAKAWA MIZUKI,
M,11,CUERPO,カカワルト,64,SI TE ACERCAS,GET INVOLVED,
M,12,CUERPO,カミカクシ　ニ　アウ,136,DESAPARECERAS,AND YOU VANISH,"kamikakushi, ver glosario"
M,13,NUM,９６,32,９６,９６,no se traduce
M,14,CUERPO,ヨル　ノ　プール　デ,136,PISCINA DE NOCHE,POOL AT NIGHT,
M,15,CUERPO,ニラメッコ　スルト,120,JUEGA NIRAMEKO,PLAY NIRAMEKO,"guion 2693 usa ""nirameko"""
M,16,CUERPO,レイ　ニ,56,UN ESPIRITU,AND A SPIRIT,
M,17,CUERPO,ヒキ　コマレル,96,TE ARRASTRA,DRAGS YOU IN,
M,18,NUM,９８,24,９８,９８,no se traduce
M,19,CUERPO,トイレ　ニ,72,EL MUÑECO,A DOLL,
M,20,CUERPO,ステラレタ,64,TIRADO AL BAÑO,THROWN IN,
M,21,CUERPO,ニンギョウ　ハ,96,ALBERGA,THE TOILET,
M,22,CUERPO,タマシイ　ヤドル,104,UN ALMA,HOLDS A SOUL,guion 6300
M,23,NUM,９９,32,９９,９９,no se traduce
M,24,CUERPO,スキナ　ヒト　ノ,104,ALGO DE QUIEN,SINK SOMETHING,
M,25,CUERPO,モチモノ　ミズ　ニ,120,TE GUSTA AL AGUA,OF YOUR CRUSH,
M,26,CUERPO,シズメテ　スイメン　ヲ,144,GIRA LA SUPERFICIE,IN WATER. STIR IT,
M,27,CUERPO,ミギ　ニ　２,80,DERECHA 2,RIGHT 2,
M,28,CUERPO,ヒダリ　ニ　３,96,IZQUIERDA 3,LEFT 3,
M,29,CUERPO,マワス　ト　ソノヒト　ノ,160,Y VERAS FLOTAR,AND THEIR CRUSH,
M,30,CUERPO,スキナ　イセイ　ガ,118,A QUIEN LE GUSTA,WILL FLOAT,
M,31,CUERPO,ウカブ,40,A EL,UP,"ES: guion 2714 ""quien le gusta a el"""
M,32,NUM,９７,32,９７,９７,no se traduce
M,33,CUERPO,オクジョウ　デ　マツ,136,ESPERO EN AZOTEA,I WAIT ON THE ROOF,guion 258
M,34,CUERPO,9・26　ヨアケ,96,9・26 AL ALBA,9・26 DAWN,reusar glifos 9・26 del original
M,35,CUERPO,トウキョウ　デ,96,EN TOKIO,IN TOKYO,
M,36,CUERPO,ダイジシン　ガ　オキル,144,GRAN TERREMOTO,BIG EARTHQUAKE,guion 2717
M,37,NUM,１００,32,１００,１００,no se traduce
M,38,CUERPO,マンゲツ　ノ　ヨル,120,EN LUNA LLENA,FULL MOON NIGHT,
M,39,CUERPO,ロウカ　ノ　ポスター,136,POSTER DEL PASILLO,HALLWAY POSTER,
M,40,CUERPO,メ　ガ　ヒカル,96,OJOS BRILLAN,EYES GLOW,guion 6107
M,41,NUM,８８,32,８８,８８,no se traduce
M,42,CUERPO,ニダイ　ノ　ケータイ　ノ,160,JUNTA LAS PUNTAS DE,PUT THE TOPS OF TWO,
M,43,CUERPO,アタマ　ヲ　ツキアワセ,144,DOS CELULARES,PHONES TOGETHER,
M,44,CUERPO,４２１９　ヲ,80,ESCRIBE 4219,ENTER 4219,guion 2649
M,45,CUERPO,ニュウリョク,80,Y DI,AND SAY,
M,46,CUERPO,ニラメッコ　シマショ,136,"""JUGUEMOS NIRAMEKO","""PLAY NIRAMEKO,",guion 2673
M,47,CUERPO,ワラウト　マケヨ　ト,136,"QUIEN RIA PIERDE""","LAUGH AND YOU LOSE""",
M,48,CUERPO,イイナガラ　ツウワ,120,MIENTRAS LLAMAS,AS YOU CALL,
M,49,NUM,８４,32,８４,８４,no se traduce
M,50,CUERPO,ヒトリ　ジャナイヨ,128,NO ESTAS SOLA,YOU ARE NOT ALONE,
M,51,FECHA,2008/9/25,120,2008/9/25,2008/9/25,no se traduce
M,52,FECHA,2008/9/11,120,2008/9/11,2008/9/11,no se traduce
M,53,FECHA,2008/9/24,120,2008/9/24,2008/9/24,no se traduce
M,54,FECHA,2008/9/30,120,2008/9/30,2008/9/30,no se traduce
